<?xml version="1.0" encoding="utf-8"?>
<metawrap xsi:schemaLocation="http://xsd.metawrap.com/metawrap/metawrap.xsd http://xsd.metawrap.com/metawrap/metawrap.xsd" xmlns="http://xsd.metawrap.com/metawrap/metawrap.xsd" xmlns:xsi="http://www.w3.org/2001/XMLSchema-instance">
  <types>
    <type name="APIKey" implemented_by="IAPIKeyAggregate" tokenised_by="Key" stored_by="APIKey" />
    <type name="MediaItem" implemented_by="IMediaItemAggregate" tokenised_by="ID" stored_by="MediaItem" />
    <type name="Metadata" implemented_by="IMetadataAggregate" tokenised_by="ID" stored_by="Metadata" />
    <type name="Producer" implemented_by="IProducerAggregate" tokenised_by="ID" stored_by="Producer" />
    <type name="Content" implemented_by="IContentAggregate" tokenised_by="ID" stored_by="Content" />
    <type name="ContentIngest" implemented_by="IContentIngestAggregate" tokenised_by="ID" stored_by="ContentIngest" />
    <type name="MemberToken" implemented_by="IAPIMemberTokenAggregate" tokenised_by="Token" stored_by="APIMemberToken" />
    <type name="IdentityTokenStatus" implemented_by="IAPIIdentityTokenStateAggregate" tokenised_by="IAPIIdentityTokenState" stored_by="APIIdentityTokenState" />
    <type name="IdentityToken" implemented_by="IAPIIdentityTokenAggregate" tokenised_by="Token" stored_by="APIIdentityToken" />
    <type name="IdentityType" implemented_by="IIdentityTypeAggregate" tokenised_by="Name" stored_by="IdentityType" />
    <type name="Code" implemented_by="ICodeAggregate" tokenised_by="Code" stored_by="Code" />
    <type name="string" implemented_by="string" />
    <type name="integer" implemented_by="long" />
    <type name="datetime" implemented_by="DateTime" />
  </types>
  <resources version="V1.1" service="Content">
    <resource name="content_metadata" type="ContentMetadata" runat="server" enabled="true" object="ContentMetadata" group="content" create="true" subscribe="true">
      <context name="key" type="APIKey">
        <doc>Provides context for the campaign.</doc>
      </context>
      <field name="contentgenre" type="ContentGenre" optional="true">
        <doc>'contentgenre' field, which is an embedded 'ContentGenre' resource.</doc>
      </field>
      <field name="contentclassification" type="ContentClassification" optional="true">
        <doc>'contentclassification' field, which is an embedded 'ContentClassification' resource.</doc>
      </field>
      <field name="description" type="string" optional="true">
        <doc>'description' field, which is a 'string' type.</doc>
      </field>
      <field name="comment" type="string" optional="true">
        <doc>'comment' field, which is a 'string' type.</doc>
      </field>
      <field name="year" type="string" optional="true">
        <doc>'year' field, which is a 'string' type.</doc>
      </field>
      <field name="compilation" type="boolean" optional="true">
        <doc>'compilation' field, which is a 'boolean' type.</doc>
      </field>
      <field name="advisory" type="string" optional="true" default="">
        <doc>'advisory' field, which is a 'string' type.</doc>
      </field>
    </resource>
  </resources>
</metawrap>