<?xml version="1.0" encoding="utf-8"?>
<metawrap xsi:schemaLocation="http://xsd.metawrap.com/metawrap/metawrap.xsd http://xsd.metawrap.com/metawrap/metawrap.xsd" xmlns="http://xsd.metawrap.com/metawrap/metawrap.xsd" xmlns:xsi="http://www.w3.org/2001/XMLSchema-instance">
  <types>
    <type name="APIKey" implemented_by="IAPIKeyAggregate" tokenised_by="Key" stored_by="APIKey" />
    <type name="MediaItem" implemented_by="IMediaItemAggregate" tokenised_by="ID" stored_by="MediaItem" />
    <type name="Metadata" implemented_by="IMetadataAggregate" tokenised_by="ID" stored_by="Metadata" />
    <type name="Producer" implemented_by="IProducerAggregate" tokenised_by="ID" stored_by="Producer" />
    <type name="Content" implemented_by="IContentAggregate" tokenised_by="ID" stored_by="Content" />
    <type name="ContentIngest" implemented_by="IContentIngestAggregate" tokenised_by="ID" stored_by="ContentIngest" />
    <type name="MemberToken" implemented_by="IAPIMemberTokenAggregate" tokenised_by="Token" stored_by="APIMemberToken" />
    <type name="IdentityTokenStatus" implemented_by="IAPIIdentityTokenStateAggregate" tokenised_by="IAPIIdentityTokenState" stored_by="APIIdentityTokenState" />
    <type name="IdentityToken" implemented_by="IAPIIdentityTokenAggregate" tokenised_by="Token" stored_by="APIIdentityToken" />
    <type name="IdentityType" implemented_by="IIdentityTypeAggregate" tokenised_by="Name" stored_by="IdentityType" />
    <type name="Code" implemented_by="ICodeAggregate" tokenised_by="Code" stored_by="Code" />
    <type name="string" implemented_by="string" />
    <type name="integer" implemented_by="long" />
    <type name="datetime" implemented_by="DateTime" />
  </types>
  <resources version="V1.1" service="Media">
    <resource name="mediaitem" type="MediaItem" runat="server" enabled="true" object="MediaItem" group="mediaitem" create="true" subscribe="true">
      <context name="key" type="APIKey">
        <doc>Provides context for the campaign.</doc>
      </context>
      <field name="code" type="Code">
        <doc>'code' field, which is an embedded 'Code' resource.</doc>
      </field>
      <field name="identity" type="Identity">
        <doc>'identity' field, which is an embedded 'Identity' resource.</doc>
      </field>
      <field name="format" type="Format">
        <doc>'format' field, which is an embedded 'Format' resource.</doc>
      </field>
      <field name="server" type="Server">
        <doc>'server' field, which is an embedded 'Server' resource.</doc>
      </field>
      <field name="license" type="License" optional="true">
        <doc>'license' field, which is an embedded 'License' resource.</doc>
      </field>
      <field name="content" type="Content" optional="true">
        <doc>'content' field, which is an embedded 'Content' resource.</doc>
      </field>
      <field name="target" type="Target" optional="true">
        <doc>'target' field, which is an embedded 'Target' resource.</doc>
      </field>
      <field name="title" type="string" optional="true">
        <doc>'title' field, which is a 'string' type.</doc>
      </field>
      <field name="body" type="string" optional="true">
        <doc>'body' field, which is a 'string' type.</doc>
      </field>
      <field name="bodyonly" type="boolean" optional="true" default="false">
        <doc>'bodyonly' field, which is a 'boolean' type.</doc>
      </field>
      <field name="comment" type="boolean" optional="true" default="false">
        <doc>'comment' field, which is a 'boolean' type.</doc>
      </field>
      <field name="usergenerated" type="boolean" optional="true" default="false">
        <doc>'usergenerated' field, which is a 'boolean' type.</doc>
      </field>
      <field name="digest" type="string">
        <doc>'digest' field, which is a 'string' type.</doc>
      </field>
      <field name="process_attempts" type="long" optional="true" default="0">
        <doc>'process_attempts' field, which is a 'long' type.</doc>
      </field>
      <field name="censored" type="boolean" optional="true" default="false">
        <doc>'censored' field, which is a 'boolean' type.</doc>
      </field>
      <field name="reviewed" type="boolean" optional="true" default="false">
        <doc>'reviewed' field, which is a 'boolean' type.</doc>
      </field>
      <field name="privacy" type="long" optional="true" default="0">
        <doc>'privacy' field, which is a 'long' type.</doc>
      </field>
      <field name="viewcount" type="long" optional="true" default="0">
        <doc>'viewcount' field, which is a 'long' type.</doc>
      </field>
      <field name="ratingdividend" type="long" optional="true" default="0">
        <doc>'ratingdividend' field, which is a 'long' type.</doc>
      </field>
      <field name="ratingdivisor" type="long" optional="true" default="0">
        <doc>'ratingdivisor' field, which is a 'long' type.</doc>
      </field>
      <field name="ratings" type="long" optional="true" default="0">
        <doc>'ratings' field, which is a 'long' type.</doc>
      </field>
    </resource>
  </resources>
</metawrap>