<?xml version="1.0" encoding="utf-8"?>
<metawrap xsi:schemaLocation="http://xsd.metawrap.com/metawrap/metawrap.xsd http://xsd.metawrap.com/metawrap/metawrap.xsd" xmlns="http://xsd.metawrap.com/metawrap/metawrap.xsd" xmlns:xsi="http://www.w3.org/2001/XMLSchema-instance">
  <types>
    <type name="APIKey" implemented_by="IAPIKeyAggregate" tokenised_by="Key" stored_by="APIKey" />
    <type name="MediaItem" implemented_by="IMediaItemAggregate" tokenised_by="ID" stored_by="MediaItem" />
    <type name="Metadata" implemented_by="IMetadataAggregate" tokenised_by="ID" stored_by="Metadata" />
    <type name="Producer" implemented_by="IProducerAggregate" tokenised_by="ID" stored_by="Producer" />
    <type name="Content" implemented_by="IContentAggregate" tokenised_by="ID" stored_by="Content" />
    <type name="ContentIngest" implemented_by="IContentIngestAggregate" tokenised_by="ID" stored_by="ContentIngest" />
    <type name="MemberToken" implemented_by="IAPIMemberTokenAggregate" tokenised_by="Token" stored_by="APIMemberToken" />
    <type name="IdentityTokenStatus" implemented_by="IAPIIdentityTokenStateAggregate" tokenised_by="IAPIIdentityTokenState" stored_by="APIIdentityTokenState" />
    <type name="IdentityToken" implemented_by="IAPIIdentityTokenAggregate" tokenised_by="Token" stored_by="APIIdentityToken" />
    <type name="IdentityType" implemented_by="IIdentityTypeAggregate" tokenised_by="Name" stored_by="IdentityType" />
    <type name="Code" implemented_by="ICodeAggregate" tokenised_by="Code" stored_by="Code" />
    <type name="string" implemented_by="string" />
    <type name="integer" implemented_by="long" />
    <type name="datetime" implemented_by="DateTime" />
  </types>
  <resources version="V1.1" service="Content">
    <resource name="action" type="Action" runat="server" enabled="true" object="Action" group="content" create="true" subscribe="true">
      <context name="key" type="APIKey">
        <doc>Provides context for the campaign.</doc>
      </context>
      <field name="contentingest" type="ContentIngest" optional="true">
        <doc>'contentingest' field, which is an embedded 'ContentIngest' resource.</doc>
      </field>
      <field name="like" type="Like" optional="true">
        <doc>'like' field, which is an embedded 'Like' resource.</doc>
      </field>
      <field name="follow" type="Follow" optional="true">
        <doc>'follow' field, which is an embedded 'Follow' resource.</doc>
      </field>
      <field name="fan" type="Fan" optional="true">
        <doc>'fan' field, which is an embedded 'Fan' resource.</doc>
      </field>
      <field name="share" type="Share" optional="true">
        <doc>'share' field, which is an embedded 'Share' resource.</doc>
      </field>
      <field name="awardedtrophy" type="AwardedTrophy" optional="true">
        <doc>'awardedtrophy' field, which is an embedded 'AwardedTrophy' resource.</doc>
      </field>
      <field name="mediaitemrating" type="MediaItemRating" optional="true">
        <doc>'mediaitemrating' field, which is an embedded 'MediaItemRating' resource.</doc>
      </field>
      <field name="booking" type="Booking" optional="true">
        <doc>'booking' field, which is an embedded 'Booking' resource.</doc>
      </field>
      <field name="checkin" type="Checkin" optional="true">
        <doc>'checkin' field, which is an embedded 'Checkin' resource.</doc>
      </field>
      <field name="consume" type="Consume" optional="true">
        <doc>'consume' field, which is an embedded 'Consume' resource.</doc>
      </field>
      <field name="produce" type="Produce" optional="true">
        <doc>'produce' field, which is an embedded 'Produce' resource.</doc>
      </field>
      <field name="consumermember" type="ConsumerMember" optional="true">
        <doc>'consumermember' field, which is an embedded 'ConsumerMember' resource.</doc>
      </field>
      <field name="producermember" type="ProducerMember" optional="true">
        <doc>'producermember' field, which is an embedded 'ProducerMember' resource.</doc>
      </field>
    </resource>
  </resources>
</metawrap>